seed,round,year,quarter,policy,audits,recovered,excluded_caught,findings_observed
1,0,2022,1,rank,67,1202491.4564252705,3,32
1,0,2022,1,static,66,1271977.6163533616,3,32
1,0,2022,1,thompson,66,1266027.384699354,3,33
1,0,2022,1,thompson_forget,65,1263973.2682076418,3,31
1,0,2022,1,oracle,67,1345739.5258029827,6,35
1,1,2022,2,rank,63,440745.7574422818,0,24
1,1,2022,2,static,58,515251.6225963512,0,22
1,1,2022,2,thompson,58,499981.82571163395,0,20
1,1,2022,2,thompson_forget,57,508661.07863007515,0,22
1,1,2022,2,oracle,58,526419.5536757727,1,24
1,2,2022,3,rank,66,651268.8737450559,3,32
1,2,2022,3,static,62,718129.297227802,2,33
1,2,2022,3,thompson,62,715727.443030018,2,33
1,2,2022,3,thompson_forget,62,714215.0897239222,2,34
1,2,2022,3,oracle,64,736266.7556926481,4,38
1,3,2022,4,rank,66,490311.5074202839,3,30
1,3,2022,4,static,63,560474.2811027424,3,24
1,3,2022,4,thompson,62,558023.7588160005,3,24
1,3,2022,4,thompson_forget,61,547603.771997943,3,23
1,3,2022,4,oracle,64,600163.4426213687,4,29
1,4,2023,1,rank,65,833159.2707340999,3,25
1,4,2023,1,static,62,883587.1554523364,3,22
1,4,2023,1,thompson,62,880721.3522165739,3,23
1,4,2023,1,thompson_forget,62,873043.499108901,3,23
1,4,2023,1,oracle,62,877601.7049147284,3,21
1,5,2023,2,rank,65,440450.69912686903,0,29
1,5,2023,2,static,61,502334.148996724,0,23
1,5,2023,2,thompson,61,497098.7122619453,0,21
1,5,2023,2,thompson_forget,61,494353.9405356345,0,21
1,5,2023,2,oracle,63,506599.2750591922,0,26
1,6,2023,3,rank,65,522292.99512838863,3,27
1,6,2023,3,static,62,584924.4097074458,3,28
1,6,2023,3,thompson,62,585371.844543104,3,27
1,6,2023,3,thompson_forget,63,574878.1680354179,3,28
1,6,2023,3,oracle,62,683052.3165350304,5,29
1,7,2023,4,rank,66,610759.3449061938,2,28
1,7,2023,4,static,62,663123.48453697,1,27
1,7,2023,4,thompson,62,661823.5614025525,1,25
1,7,2023,4,thompson_forget,62,656354.2051377022,1,29
1,7,2023,4,oracle,63,720671.6641653278,5,31
2,0,2022,1,rank,64,763154.3045740022,3,29
2,0,2022,1,static,61,815386.2208013163,2,26
2,0,2022,1,thompson,61,790259.4295304954,1,23
2,0,2022,1,thompson_forget,62,801997.3001212695,1,25
2,0,2022,1,oracle,63,830105.0804043572,3,30
2,1,2022,2,rank,65,428972.0224306462,2,35
2,1,2022,2,static,62,473890.8459458232,1,28
2,1,2022,2,thompson,62,469530.67732162453,1,29
2,1,2022,2,thompson_forget,62,469940.42828911066,1,28
2,1,2022,2,oracle,63,523175.2851556329,4,31
2,2,2022,3,rank,65,493885.75198616413,0,19
2,2,2022,3,static,60,560631.0516038879,0,19
2,2,2022,3,thompson,60,556458.9331365871,0,18
2,2,2022,3,thompson_forget,61,554783.2594953981,0,20
2,2,2022,3,oracle,61,572446.3895050209,1,23
2,3,2022,4,rank,67,1121669.3405774871,5,34
2,3,2022,4,static,62,1202220.79622348,5,29
2,3,2022,4,thompson,64,1201786.3667724743,5,32
2,3,2022,4,thompson_forget,63,1196844.0375635612,5,30
2,3,2022,4,oracle,64,1281907.3544693978,7,35
2,4,2023,1,rank,67,510022.63163702143,1,26
2,4,2023,1,static,62,545690.7875030617,1,23
2,4,2023,1,thompson,63,540874.2846514351,1,21
2,4,2023,1,thompson_forget,62,543358.9401924751,1,23
2,4,2023,1,oracle,63,551434.9057155497,1,23
2,5,2023,2,rank,64,511913.97248907003,1,21
2,5,2023,2,static,60,508085.34711861087,0,18
2,5,2023,2,thompson,60,509384.90444199153,0,19
2,5,2023,2,thompson_forget,61,556175.7165375156,1,21
2,5,2023,2,oracle,62,581708.4348047597,3,23
2,6,2023,3,rank,65,769416.864832315,5,33
2,6,2023,3,static,61,802854.7843167932,3,26
2,6,2023,3,thompson,63,813449.5318628154,4,28
2,6,2023,3,thompson_forget,64,804912.2648847703,4,29
2,6,2023,3,oracle,64,854648.7328757453,6,31
2,7,2023,4,rank,66,565198.2741974427,2,29
2,7,2023,4,static,62,639589.3460304026,2,27
2,7,2023,4,thompson,63,640343.349175231,2,28
2,7,2023,4,thompson_forget,64,641079.0117041888,2,29
2,7,2023,4,oracle,64,778400.3054131086,4,30
3,0,2022,1,rank,66,675573.7791742722,3,34
3,0,2022,1,static,63,741342.8575583434,3,29
3,0,2022,1,thompson,63,721885.5344909445,2,27
3,0,2022,1,thompson_forget,63,728223.4087982808,2,27
3,0,2022,1,oracle,64,757990.496028309,5,33
3,1,2022,2,rank,65,685166.0276912509,4,24
3,1,2022,2,static,64,741883.1657532174,3,23
3,1,2022,2,thompson,64,738855.089088744,3,23
3,1,2022,2,thompson_forget,63,737235.1169010957,3,21
3,1,2022,2,oracle,64,787240.4574784007,5,25
3,2,2022,3,rank,66,511313.5635049725,1,21
3,2,2022,3,static,63,579026.7522933169,1,23
3,2,2022,3,thompson,64,577994.6360009355,1,24
3,2,2022,3,thompson_forget,63,576544.5876547369,1,21
3,2,2022,3,oracle,63,647675.981781081,2,25
3,3,2022,4,rank,64,941972.3127391066,2,31
3,3,2022,4,static,61,1006697.3234242655,2,27
3,3,2022,4,thompson,61,1007967.1569074173,2,27
3,3,2022,4,thompson_forget,61,995375.6843149823,2,26
3,3,2022,4,oracle,61,1015174.8171194358,3,29
3,4,2023,1,rank,66,591775.5012037776,1,32
3,4,2023,1,static,63,638420.6542345631,1,28
3,4,2023,1,thompson,62,632063.8949593405,1,28
3,4,2023,1,thompson_forget,64,651793.6693012423,1,31
3,4,2023,1,oracle,64,647068.2399342277,2,31
3,5,2023,2,rank,66,457910.3101426775,3,24
3,5,2023,2,static,65,450909.8020457534,2,23
3,5,2023,2,thompson,64,449040.6651464264,2,23
3,5,2023,2,thompson_forget,65,494839.139063279,3,23
3,5,2023,2,oracle,65,538633.8733412144,4,25
3,6,2023,3,rank,67,751890.3164580171,5,25
3,6,2023,3,static,63,815929.2073609062,5,24
3,6,2023,3,thompson,63,809824.2350106122,5,24
3,6,2023,3,thompson_forget,63,802153.2732544547,4,23
3,6,2023,3,oracle,63,955155.9601870349,7,26
3,7,2023,4,rank,62,724030.9303406512,1,24
3,7,2023,4,static,59,770754.5132641371,1,20
3,7,2023,4,thompson,59,768764.578786835,1,20
3,7,2023,4,thompson_forget,60,757570.4438519351,1,18
3,7,2023,4,oracle,60,791706.0904625667,3,21
4,0,2022,1,rank,62,673422.8249825377,2,34
4,0,2022,1,static,61,734488.2263534173,2,32
4,0,2022,1,thompson,61,730430.1252257157,2,32
4,0,2022,1,thompson_forget,62,724746.9084419989,2,34
4,0,2022,1,oracle,62,739518.8365650624,3,34
4,1,2022,2,rank,65,235883.47178583985,0,26
4,1,2022,2,static,62,314216.0413449558,0,26
4,1,2022,2,thompson,61,307507.34681966907,0,23
4,1,2022,2,thompson_forget,61,305751.5638183052,0,24
4,1,2022,2,oracle,62,318229.96183418744,1,24
4,2,2022,3,rank,67,942474.1785138715,4,32
4,2,2022,3,static,64,1018232.6197968173,4,29
4,2,2022,3,thompson,63,1012478.0263376294,4,29
4,2,2022,3,thompson_forget,63,1006619.79247396,4,27
4,2,2022,3,oracle,63,1057039.0059435733,5,28
4,3,2022,4,rank,68,939906.6834827795,3,30
4,3,2022,4,static,66,1013229.3016807784,3,34
4,3,2022,4,thompson,65,1005674.5238981342,3,32
4,3,2022,4,thompson_forget,66,1003645.5383881544,3,33
4,3,2022,4,oracle,66,1093431.4143411291,6,37
4,4,2023,1,rank,67,585446.6193562942,2,23
4,4,2023,1,static,65,645155.9162091145,2,28
4,4,2023,1,thompson,65,632710.000828122,2,27
4,4,2023,1,thompson_forget,65,637324.3014828085,2,27
4,4,2023,1,oracle,65,676900.2402565943,3,28
4,5,2023,2,rank,67,656579.3198053028,1,33
4,5,2023,2,static,65,697231.7848762446,1,29
4,5,2023,2,thompson,65,690044.7624847202,1,30
4,5,2023,2,thompson_forget,65,673751.2492072457,0,28
4,5,2023,2,oracle,65,755578.569861192,3,30
4,6,2023,3,rank,62,774090.8324660433,3,36
4,6,2023,3,static,59,837760.0980358219,3,29
4,6,2023,3,thompson,59,832302.0835971583,3,29
4,6,2023,3,thompson_forget,58,827606.2417613585,3,28
4,6,2023,3,oracle,59,977792.301120101,5,30
4,7,2023,4,rank,66,317474.34046230686,2,21
4,7,2023,4,static,61,376754.9157761563,2,19
4,7,2023,4,thompson,62,370806.05942550517,2,20
4,7,2023,4,thompson_forget,60,368035.51364971866,2,19
4,7,2023,4,oracle,61,378438.88426435896,2,19
5,0,2022,1,rank,67,678710.337235476,1,24
5,0,2022,1,static,65,755012.3204322156,1,25
5,0,2022,1,thompson,65,749253.0677204684,1,25
5,0,2022,1,thompson_forget,65,746449.8386353591,1,26
5,0,2022,1,oracle,66,769294.16847175,3,27
5,1,2022,2,rank,66,490159.288193646,4,31
5,1,2022,2,static,63,553386.2346815874,4,27
5,1,2022,2,thompson,63,551644.0073273004,4,27
5,1,2022,2,thompson_forget,62,547457.4216749863,4,26
5,1,2022,2,oracle,63,592257.0698322948,5,27
5,2,2022,3,rank,65,772314.8856646599,3,32
5,2,2022,3,static,64,823941.9644022177,3,30
5,2,2022,3,thompson,64,820433.7690125222,3,29
5,2,2022,3,thompson_forget,66,818239.1922028104,3,31
5,2,2022,3,oracle,64,894564.0835426659,5,32
5,3,2022,4,rank,65,860715.6496757563,1,26
5,3,2022,4,static,61,949117.8589653195,1,26
5,3,2022,4,thompson,61,942735.8902757441,1,26
5,3,2022,4,thompson_forget,61,946303.2280496847,1,26
5,3,2022,4,oracle,61,956566.8275218991,2,27
5,4,2023,1,rank,66,423941.2633758505,4,13
5,4,2023,1,static,62,485488.8968166702,4,16
5,4,2023,1,thompson,63,482831.09270572476,4,15
5,4,2023,1,thompson_forget,62,477060.21325119014,4,16
5,4,2023,1,oracle,62,577142.5728166123,5,16
5,5,2023,2,rank,64,493214.4848404021,3,38
5,5,2023,2,static,62,483031.3961185534,1,33
5,5,2023,2,thompson,62,488369.5388164075,2,35
5,5,2023,2,thompson_forget,62,473595.6577049102,1,32
5,5,2023,2,oracle,62,554737.1927186978,5,35
5,6,2023,3,rank,66,955753.3332027154,3,37
5,6,2023,3,static,64,1016383.4995682882,3,36
5,6,2023,3,thompson,65,1012503.6924276564,3,37
5,6,2023,3,thompson_forget,64,1010505.7989379554,3,37
5,6,2023,3,oracle,65,1063115.1496651468,4,38
5,7,2023,4,rank,65,436846.2289934177,0,21
5,7,2023,4,static,62,497178.1713238693,0,22
5,7,2023,4,thompson,63,493619.91971389524,0,22
5,7,2023,4,thompson_forget,62,493900.8079582444,0,20
5,7,2023,4,oracle,62,540759.8049330115,2,23
